{
    "send_event": {
        "enabled": true
    },
    "handle_cmd": {
        "enabled": true,
        "filter": {
            "all": {
                "enabled": true
            },
            "192.168.120.155": {
                "enabled": true
            }
        }
    },
    "store_event": {
        "enabled": true
    },
    "store_fault": {
        "enabled": true,
        "buffer_length": 100,
        "trip": true,
        "interval": {
            "40": 20,
            "55": 10,
            "90": 5,
            "100": 2,
            "Infinity": 1
        }
    },
    "data_source": {
        "enabled": true,
        "lines": {
            "line1": {
                "ied11": {
                    "description": "S7-IED-01.01",
                    "ip": "192.168.120.243",
                    "rack": 0,
                    "slot": 1,
                    "db": {
                        "db899_drive_data_exhibit": {
                            "description": "db899",
                            "number": 899,
                            "offset": 0,
                            "size": 34,
                            "delay": 10,
                            "data": {
                                "system.db899_drive_data_exhibit.status": {
                                    "type": "Int",
                                    "offset": 0,
                                    "v": 1,
                                    "comment": ""
                                },
                                "system.db899_drive_data_exhibit.read.errors": {
                                    "type": "Int",
                                    "offset": 0,
                                    "v": 1,
                                    "comment": ""
                                },
                                "system.db899_drive_data_exhibit.write.errors": {
                                    "type": "Int",
                                    "offset": 0,
                                    "v": 1
                                },
                                "Drive.Speed": {
                                    "type": "Real",
                                    "offset": 0
                                },
                                "Drive.OutputVoltage": {
                                    "type": "Real",
                                    "offset": 4
                                },
                                "Drive.DCVoltage": {
                                    "type": "Real",
                                    "offset": 8
                                },
                                "Drive.Current": {
                                    "type": "Real",
                                    "offset": 12
                                },
                                "Drive.Torque": {
                                    "type": "Real",
                                    "offset": 16
                                },
                                "Drive.positionFromMru": {
                                    "type": "Real",
                                    "offset": 20
                                },
                                "Drive.positionFromHoist": {
                                    "type": "Real",
                                    "offset": 24
                                },
                                "Capacitor.Capacity": {
                                    "type": "Int",
                                    "offset": 28
                                },
                                "ChargeIn.On": {
                                    "type": "Bool",
                                    "offset": 30,
                                    "bit": 0
                                },
                                "ChargeOut.On": {
                                    "type": "Bool",
                                    "offset": 32,
                                    "bit": 0
                                }
                            }
                        }
                    }
                },
                "ied12": {
                    "description": "S7-IED-01.02",
                    "ip": "192.168.120.243",
                    "rack": 0,
                    "slot": 1,
                    "db": {
                        "db902_panel_controls": {
                            "description": "db902",
                            "number": 902,
                            "offset": 0,
                            "size": 204,
                            "delay": 500,
                            "data": {
                                "system.db902_panel_controls.status": {
                                    "type": "Int",
                                    "offset": 0,
                                    "v": 1
                                },
                                "system.db902_panel_controls.read.errors": {
                                    "type": "Int",
                                    "offset": 0,
                                    "v": 1
                                },
                                "system.db902_panel_controls.write.errors": {
                                    "type": "Int",
                                    "offset": 0,
                                    "v": 1
                                },
                                "Settings.CraneMode.MainMode": {
                                    "type": "Int",
                                    "offset": 0
                                },
                                "Settings.CraneMode.ActiveWinch": {
                                    "type": "Int",
                                    "offset": 2
                                },
                                "Settings.CraneMode.Winch1Mode": {
                                    "type": "Int",
                                    "offset": 4
                                },
                                "Settings.CraneMode.WaveHeightLevel": {
                                    "type": "Int",
                                    "offset": 6
                                },
                                "Settings.CraneMode.ConstantTensionLevel": {
                                    "type": "Int",
                                    "offset": 8
                                },
                                "Settings.CraneMode.SetRelativeDepth": {
                                    "type": "Int",
                                    "offset": 10,
                                    "comment": "Установить относительную глубтну"
                                },
                                "Settings.CraneMode.ResetRelativeDepth": {
                                    "type": "Int",
                                    "offset": 12,
                                    "comment": "Сбросить относительную глубтну"
                                },
                                "Settings.CraneMode.Rsrv4": {
                                    "type": "Int",
                                    "offset": 14
                                },
                                "Settings.CraneMode.Rsrv5": {
                                    "type": "Int",
                                    "offset": 16
                                },
                                "Settings.CraneMode.Rsrv6": {
                                    "type": "Int",
                                    "offset": 18
                                },
                                "Settings.HPU.Operate": {
                                    "type": "Int",
                                    "offset": 20
                                },
                                "Settings.HPU.Pump1InUse": {
                                    "type": "Int",
                                    "offset": 22,
                                    "comment": "Ввод насоса в работу 1/2 (не включение, включает оператор с пульта)"
                                },
                                "Settings.HPU.Pump2InUse": {
                                    "type": "Int",
                                    "offset": 24,
                                    "comment": "Ввод насоса в работу 1/2 (не включение, включает оператор с пульта)"
                                },
                                "Settings.HPU.OilType": {
                                    "type": "Int",
                                    "offset": 32,
                                    "comment": "Тип масла"
                                },
                                "Settings.HPU.LowOilLevel": {
                                    "type": "Int",
                                    "offset": 34,
                                    "comment": "Низкий уровень масла"
                                },
                                "Settings.HPU.AlarmLowOilLevel": {
                                    "type": "Int",
                                    "offset": 36,
                                    "comment": "Аварийно низкий уровень масла"
                                },
                                "Settings.HPU.HighOilTemp": {
                                    "type": "Int",
                                    "offset": 38,
                                    "comment": "Высокая температура масла"
                                },
                                "Settings.HPU.AlarmHighOilTemp": {
                                    "type": "Int",
                                    "offset": 40,
                                    "comment": "Аварийно высокая температура масла"
                                },
                                "Settings.HPU.LowOilTemp": {
                                    "type": "Int",
                                    "offset": 42,
                                    "comment": "Низкая температура масла"
                                },
                                "Settings.HPU.OilCooling": {
                                    "type": "Int",
                                    "offset": 44,
                                    "comment": "Охлаждение масла"
                                },
                                "Settings.HPU.OilTempHysteresis": {
                                    "type": "Int",
                                    "offset": 46,
                                    "comment": "Гистерезис температуры масла"
                                },
                                "Settings.HPU.WhaterFlowTrackingTimeout": {
                                    "type": "Int",
                                    "offset": 48,
                                    "comment": "Таймаут отслеживания потока воды"
                                },
                                "Settings.Art.TorqueLimit": {
                                    "type": "Real",
                                    "offset": 56,
                                    "comment": "ART Ограничение крутящего момента"
                                },
                                "Settings.AOPS.RotationLimit1": {
                                    "type": "Real",
                                    "offset": 72
                                },
                                "Settings.AOPS.RotationLimit2": {
                                    "type": "Real",
                                    "offset": 76
                                },
                                "Settings.MainWinch.SpeedDown1PumpFactor": {
                                    "type": "Int",
                                    "offset": 92,
                                    "comment": "Замедление скорости на одном насосе, %"
                                },
                                "Settings.MainWinch.SlowSpeedFactor": {
                                    "type": "Int",
                                    "offset": 94,
                                    "comment": "Ограничение скорости при медленных видах работ, %"
                                },
                                "Settings.MainWinch.SpeedDown2AxisFactor": {
                                    "type": "Int",
                                    "offset": 96,
                                    "comment": "Ограничение скорости при > 2 движ, %"
                                },
                                "Settings.MainWinch.SpeedAccelerationTime": {
                                    "type": "Int",
                                    "offset": 98,
                                    "comment": "Время линейного ускорения, ms"
                                },
                                "Settings.MainWinch.SpeedDecelerationTime": {
                                    "type": "Int",
                                    "offset": 100,
                                    "comment": "Время линейного замедления, ms"
                                },
                                "Settings.MainWinch.FastStoppingTime": {
                                    "type": "Int",
                                    "offset": 102,
                                    "comment": "Время быстрой остановки, ms"
                                },
                                "Settings.MainWinch.SpeedDownMaxPos": {
                                    "type": "Int",
                                    "offset": 104,
                                    "comment": "Позиция понижения скорости, mm"
                                },
                                "Settings.MainWinch.SpeedDownMaxPosFactor": {
                                    "type": "Int",
                                    "offset": 106,
                                    "comment": "Ограничение скорости до, %"
                                },
                                "Settings.MainWinch.SpeedDownMinPos": {
                                    "type": "Int",
                                    "offset": 108,
                                    "comment": "Позиция понижение скорости, mm"
                                },
                                "Settings.MainWinch.SpeedDownMinPosFactor": {
                                    "type": "Int",
                                    "offset": 110,
                                    "comment": "Ограничение скорости до, %"
                                },
                                "Settings.MainBoom.SpeedDown1PumpFactor": {
                                    "type": "Int",
                                    "offset": 118,
                                    "comment": "Замедление скорости на одном насосе, %"
                                },
                                "Settings.MainBoom.SlowSpeedFactor": {
                                    "type": "Int",
                                    "offset": 120,
                                    "comment": "Ограничение скорости при медленных видах работ, %"
                                },
                                "Settings.MainBoom.SpeedDown2AxisFactor": {
                                    "type": "Int",
                                    "offset": 122,
                                    "comment": "Ограничение скорости при > 2 движ, %"
                                },
                                "Settings.MainBoom.SpeedAccelerationTime": {
                                    "type": "Int",
                                    "offset": 124,
                                    "comment": "Время линейного ускорения, ms"
                                },
                                "Settings.MainBoom.SpeedDecelerationTime": {
                                    "type": "Int",
                                    "offset": 126,
                                    "comment": "Время линейного замедления, ms"
                                },
                                "Settings.MainBoom.FastStoppingTime": {
                                    "type": "Int",
                                    "offset": 128,
                                    "comment": "Время быстрой остановки, ms"
                                },
                                "Settings.MainBoom.PositionOffshore": {
                                    "type": "Int",
                                    "offset": 130,
                                    "comment": "Положение перехода в режим 'За бортом', град"
                                },
                                "Settings.MainBoom.SpeedDownMaxPos": {
                                    "type": "Int",
                                    "offset": 132,
                                    "comment": "Позиция понижения скорости, град"
                                },
                                "Settings.MainBoom.SpeedDownMaxPosFactor": {
                                    "type": "Int",
                                    "offset": 134,
                                    "comment": "Ограничение скорости до, %"
                                },
                                "Settings.MainBoom.SpeedDownMinPos": {
                                    "type": "Int",
                                    "offset": 136,
                                    "comment": "Позиция понижение скорости, град"
                                },
                                "Settings.MainBoom.SpeedDownMinPosFactor": {
                                    "type": "Int",
                                    "offset": 138,
                                    "comment": "Ограничение скорости до, %"
                                },
                                "Settings.RotaryBoom.SpeedDown1PumpFactor": {
                                    "type": "Int",
                                    "offset": 146,
                                    "comment": "Замедление скорости на одном насосе, %"
                                },
                                "Settings.RotaryBoom.SlowSpeedFactor": {
                                    "type": "Int",
                                    "offset": 148,
                                    "comment": "Ограничение скорости при медленных видах работ, %"
                                },
                                "Settings.RotaryBoom.SpeedDown2AxisFactor": {
                                    "type": "Int",
                                    "offset": 150,
                                    "comment": "Ограничение скорости при > 2 движ, %"
                                },
                                "Settings.RotaryBoom.SpeedAccelerationTime": {
                                    "type": "Int",
                                    "offset": 152,
                                    "comment": "Время линейного ускорения, ms"
                                },
                                "Settings.RotaryBoom.SpeedDecelerationTime": {
                                    "type": "Int",
                                    "offset": 154,
                                    "comment": "Время линейного замедления, ms"
                                },
                                "Settings.RotaryBoom.FastStoppingTime": {
                                    "type": "Int",
                                    "offset": 156,
                                    "comment": "Время быстрой остановки, ms"
                                },
                                "Settings.RotaryBoom.SpeedDownMaxPos": {
                                    "type": "Int",
                                    "offset": 158,
                                    "comment": "Позиция понижения скорости, град"
                                },
                                "Settings.RotaryBoom.SpeedDownMaxPosFactor": {
                                    "type": "Int",
                                    "offset": 160,
                                    "comment": "Ограничение скорости до, %"
                                },
                                "Settings.RotaryBoom.SpeedDownMinPos": {
                                    "type": "Int",
                                    "offset": 162,
                                    "comment": "Позиция понижение скорости, град"
                                },
                                "Settings.RotaryBoom.SpeedDownMinPosFactor": {
                                    "type": "Int",
                                    "offset": 164,
                                    "comment": "Ограничение скорости до, %"
                                },
                                "Settings.Rotation.SpeedDown1PumpFactor": {
                                    "type": "Int",
                                    "offset": 172,
                                    "comment": "Замедление скорости на одном насосе, %"
                                },
                                "Settings.Rotation.SlowSpeedFactor": {
                                    "type": "Int",
                                    "offset": 174,
                                    "comment": "Ограничение скорости при медленных видах работ, %"
                                },
                                "Settings.Rotation.SpeedDown2AxisFactor": {
                                    "type": "Int",
                                    "offset": 176,
                                    "comment": "Ограничение скорости при > 2 движ, %"
                                },
                                "Settings.Rotation.SpeedAccelerationTime": {
                                    "type": "Int",
                                    "offset": 178,
                                    "comment": "Время линейного ускорения, ms"
                                },
                                "Settings.Rotation.SpeedDecelerationTime": {
                                    "type": "Int",
                                    "offset": 180,
                                    "comment": "Время линейного замедления, ms"
                                },
                                "Settings.Rotation.FastStoppingTime": {
                                    "type": "Int",
                                    "offset": 182,
                                    "comment": "Время быстрой остановки, ms"
                                },
                                "Settings.Rotation.PositionDefault": {
                                    "type": "Int",
                                    "offset": 184,
                                    "comment": "Предустановленное положение, град"
                                },
                                "Settings.Rotation.PositionReset": {
                                    "type": "Int",
                                    "offset": 186,
                                    "comment": "Положение сброса, град"
                                },
                                "Settings.Rotation.PositionOffshore": {
                                    "type": "Int",
                                    "offset": 188,
                                    "comment": "Положение 'За палубой', град"
                                },
                                "Settings.Rotation.PositionMarchingMode": {
                                    "type": "Int",
                                    "offset": 190,
                                    "comment": "Положение 'По походному', град"
                                },
                                "Settings.Rotation.SpeedDownMaxPos": {
                                    "type": "Int",
                                    "offset": 192,
                                    "comment": "Позиция понижения скорости, град"
                                },
                                "Settings.Rotation.SpeedDownMaxPosFactor": {
                                    "type": "Int",
                                    "offset": 194,
                                    "comment": "Ограничение скорости до, %"
                                },
                                "Settings.HPU.Rsrv2": {
                                    "type": "Int",
                                    "offset": 26
                                },
                                "Settings.HPU.Rsrv3": {
                                    "type": "Int",
                                    "offset": 28
                                },
                                "Settings.HPU.Rsrv4": {
                                    "type": "Int",
                                    "offset": 30
                                },
                                "Settings.HPU.Reserv5": {
                                    "type": "Int",
                                    "offset": 50
                                },
                                "Settings.HPU.Reserv6": {
                                    "type": "Int",
                                    "offset": 52
                                },
                                "Settings.HPU.Reserv7": {
                                    "type": "Int",
                                    "offset": 54
                                },
                                "Settings.Art.Reserv1": {
                                    "type": "Real",
                                    "offset": 60
                                },
                                "Settings.Art.Reserv2": {
                                    "type": "Real",
                                    "offset": 64
                                },
                                "Settings.Art.Reserv3": {
                                    "type": "Real",
                                    "offset": 68
                                },
                                "Settings.AOPS.Reserv1": {
                                    "type": "Real",
                                    "offset": 80
                                },
                                "Settings.AOPS.Reserv2": {
                                    "type": "Real",
                                    "offset": 84
                                },
                                "Settings.AOPS.Reserv3": {
                                    "type": "Real",
                                    "offset": 88
                                },
                                "Settings.MainWinch.Reserv1": {
                                    "type": "Int",
                                    "offset": 112
                                },
                                "Settings.MainWinch.Reserv2": {
                                    "type": "Int",
                                    "offset": 114
                                },
                                "Settings.MainWinch.Reserv3": {
                                    "type": "Int",
                                    "offset": 116
                                },
                                "Settings.MainBoom.Reserv1": {
                                    "type": "Int",
                                    "offset": 140
                                },
                                "Settings.MainBoom.Reserv2": {
                                    "type": "Int",
                                    "offset": 142
                                },
                                "Settings.MainBoom.Reserv3": {
                                    "type": "Int",
                                    "offset": 144
                                },
                                "Settings.RotaryBoom.Reserv1": {
                                    "type": "Int",
                                    "offset": 166
                                },
                                "Settings.RotaryBoom.Reserv2": {
                                    "type": "Int",
                                    "offset": 168
                                },
                                "Settings.RotaryBoom.Reserv3": {
                                    "type": "Int",
                                    "offset": 170
                                },
                                "Settings.Rotation.Reserv1": {
                                    "type": "Int",
                                    "offset": 196
                                },
                                "Settings.Rotation.Reserv2": {
                                    "type": "Int",
                                    "offset": 198
                                },
                                "Settings.Rotation.Reserv3": {
                                    "type": "Int",
                                    "offset": 200
                                },
                                "Control.Common.ResetAlarms": {
                                    "type": "Int",
                                    "offset": 202
                                }
                            }
                        }
                    }
                },
                "ied13": {
                    "description": "S7-IED-01.03",
                    "ip": "192.168.120.243",
                    "rack": 0,
                    "slot": 1,
                    "db": {
                        "db905_visual_data_hast": {
                            "description": "db905",
                            "number": 905,
                            "offset": 0,
                            "size": 112,
                            "delay": 1000,
                            "data": {
                                "system.db905_visual_data_hast.status": {
                                    "type": "Int",
                                    "offset": 0,
                                    "v": 1
                                },
                                "system.db905_visual_data_hast.read.errors": {
                                    "type": "Int",
                                    "offset": 0,
                                    "v": 1
                                },
                                "system.db905_visual_data_hast.write.errors": {
                                    "type": "Int",
                                    "offset": 0,
                                    "v": 1
                                },
                                "Winch.ValveEV1": {
                                    "type": "Bool",
                                    "offset": 0,
                                    "bit": 0,
                                    "h": 1
                                },
                                "Winch.ValveEV2": {
                                    "type": "Bool",
                                    "offset": 0,
                                    "bit": 1,
                                    "h": 1
                                },
                                "Winch.LimitSwitchDown": {
                                    "type": "Bool",
                                    "offset": 0,
                                    "bit": 2,
                                    "h": 1
                                },
                                "Winch.Hydromotor1Active": {
                                    "type": "Bool",
                                    "offset": 0,
                                    "bit": 3,
                                    "h": 1
                                },
                                "Winch.Hydromotor2Active": {
                                    "type": "Bool",
                                    "offset": 0,
                                    "bit": 4,
                                    "h": 1
                                },
                                "Jib.LimitSwitchUp": {
                                    "type": "Bool",
                                    "offset": 38,
                                    "bit": 0
                                },
                                "Rotate.PressureLowM1": {
                                    "type": "Bool",
                                    "offset": 52,
                                    "bit": 0
                                },
                                "Rotate.PressureLowM2": {
                                    "type": "Bool",
                                    "offset": 52,
                                    "bit": 1
                                },
                                "Rotate.PressureLowSystem": {
                                    "type": "Bool",
                                    "offset": 52,
                                    "bit": 2
                                },
                                "Rotate.Pump1Active": {
                                    "type": "Bool",
                                    "offset": 52,
                                    "bit": 3
                                },
                                "Rotate.Pump2Active": {
                                    "type": "Bool",
                                    "offset": 52,
                                    "bit": 4
                                },
                                "Platform.PressureOilLow": {
                                    "type": "Bool",
                                    "offset": 60,
                                    "bit": 0
                                },
                                "Platform.PressureOilHigh": {
                                    "type": "Bool",
                                    "offset": 60,
                                    "bit": 1
                                },
                                "Platform.PressureNitrogenLow": {
                                    "type": "Bool",
                                    "offset": 60,
                                    "bit": 2
                                },
                                "Platform.PressureNitrogenHigh": {
                                    "type": "Bool",
                                    "offset": 60,
                                    "bit": 3
                                },
                                "HPU.HighOilLevel": {
                                    "type": "Bool",
                                    "offset": 62,
                                    "bit": 0
                                },
                                "HPU.LowOilLevel": {
                                    "type": "Bool",
                                    "offset": 62,
                                    "bit": 1
                                },
                                "HPU.AlarmLowOilLevel": {
                                    "type": "Bool",
                                    "offset": 62,
                                    "bit": 2
                                },
                                "HPU.HighOilTemp": {
                                    "type": "Bool",
                                    "offset": 62,
                                    "bit": 3
                                },
                                "HPU.AlarmHighOilTemp": {
                                    "type": "Bool",
                                    "offset": 62,
                                    "bit": 4
                                },
                                "Winch.EncoderBR1": {
                                    "type": "Int",
                                    "offset": 2,
                                    "comment": "Скорость об/мин"
                                },
                                "Winch.EncoderBR2": {
                                    "type": "Int",
                                    "offset": 4,
                                    "comment": "Длина каната, см"
                                },
                                "Winch.LVDT1": {
                                    "type": "Real",
                                    "offset": 6,
                                    "comment": "Датчик угла наклона шайбы гидромотора 1, ॰"
                                },
                                "Winch.LVDT2": {
                                    "type": "Real",
                                    "offset": 10,
                                    "comment": "Датчик угла наклона шайбы гидромотора 2, ॰"
                                },
                                "Winch.PressureLineA_1": {
                                    "type": "Real",
                                    "offset": 14
                                },
                                "Winch.PressureLineA_2": {
                                    "type": "Real",
                                    "offset": 18
                                },
                                "Winch.PressureBrakeA": {
                                    "type": "Real",
                                    "offset": 22
                                },
                                "Winch.PressureBrakeB": {
                                    "type": "Real",
                                    "offset": 26
                                },
                                "Winch.TempLine1": {
                                    "type": "Real",
                                    "offset": 30
                                },
                                "Winch.TempLine2": {
                                    "type": "Real",
                                    "offset": 34
                                },
                                "Jib.SensorAngle": {
                                    "type": "Real",
                                    "offset": 40
                                },
                                "Jib.WeightSensor": {
                                    "type": "Real",
                                    "offset": 44
                                },
                                "Boom.SensorAngle": {
                                    "type": "Real",
                                    "offset": 48
                                },
                                "Rotate.Encoder": {
                                    "type": "Int",
                                    "offset": 54
                                },
                                "Rotate.PressureSafetyValve": {
                                    "type": "Real",
                                    "offset": 56
                                },
                                "HPU.OilLevel": {
                                    "type": "Real",
                                    "offset": 64
                                },
                                "HPU.PressureOutPump1": {
                                    "type": "Real",
                                    "offset": 68
                                },
                                "HPU.PressureOutPump2": {
                                    "type": "Real",
                                    "offset": 72
                                },
                                "HPU.PressureInPump1": {
                                    "type": "Real",
                                    "offset": 76
                                },
                                "HPU.PressureInPump2": {
                                    "type": "Real",
                                    "offset": 80
                                },
                                "HPU.CoolerTemperatureIn": {
                                    "type": "Real",
                                    "offset": 84
                                },
                                "HPU.CoolerTemperatureOut": {
                                    "type": "Real",
                                    "offset": 88
                                },
                                "HPU.CoolerPressureIn": {
                                    "type": "Real",
                                    "offset": 92
                                },
                                "HPU.CoolerPressureOut": {
                                    "type": "Real",
                                    "offset": 96
                                },
                                "HPA.PistonMaxLimit": {
                                    "type": "Bool",
                                    "offset": 100,
                                    "bit": 0
                                },
                                "HPA.PistonMinLimit": {
                                    "type": "Bool",
                                    "offset": 100,
                                    "bit": 1
                                },
                                "HPA.NitroPressure": {
                                    "type": "Int",
                                    "offset": 102
                                },
                                "HPA.AlarmNitroPressure": {
                                    "type": "Bool",
                                    "offset": 104,
                                    "bit": 0
                                },
                                "LPA.PistonMaxLimit": {
                                    "type": "Bool",
                                    "offset": 106,
                                    "bit": 0
                                },
                                "LPA.PistonMinLimit": {
                                    "type": "Bool",
                                    "offset": 106,
                                    "bit": 1
                                },
                                "LPA.NitroPressure": {
                                    "type": "Int",
                                    "offset": 108
                                },
                                "LPA.AlarmNitroPressure": {
                                    "type": "Bool",
                                    "offset": 110,
                                    "bit": 0
                                },
                                "HPU.LowOilTemp": {
                                    "type": "Bool",
                                    "offset": 62,
                                    "bit": 5
                                }
                            }
                        }
                    }
                },
                "ied14": {
                    "description": "S7-IED-01.03",
                    "ip": "192.168.120.243",
                    "rack": 0,
                    "slot": 1,
                    "db": {
                        "db906_visual_data": {
                            "description": "db906",
                            "number": 906,
                            "offset": 0,
                            "size": 198,
                            "delay": 50,
                            "data": {
                                "system.db906_visual_data.status": {
                                    "type": "Int",
                                    "offset": 0,
                                    "v": 1
                                },
                                "system.db906_visual_data.read.errors": {
                                    "type": "Int",
                                    "offset": 0,
                                    "v": 1
                                },
                                "system.db906_visual_data.write.errors": {
                                    "type": "Int",
                                    "offset": 0,
                                    "v": 1
                                },
                                "CraneMovement.RotateLeft": {
                                    "type": "Int",
                                    "offset": 0,
                                    "comment": "Индикация поворота стрелы направо"
                                },
                                "CraneMovement.RotateRight": {
                                    "type": "Int",
                                    "offset": 2,
                                    "comment": "Индикация поворота стрелы налево"
                                },
                                "CraneMovement.OutreachFwd": {
                                    "type": "Int",
                                    "offset": 4,
                                    "comment": "Индикация вылета стрелы вперед"
                                },
                                "CraneMovement.OutreachRev": {
                                    "type": "Int",
                                    "offset": 6,
                                    "comment": "Индикация вылета стрелы назад"
                                },
                                "CraneMovement.JibUp": {
                                    "type": "Int",
                                    "offset": 8,
                                    "comment": "Индикация подъема хобота"
                                },
                                "CraneMovement.JibDown": {
                                    "type": "Int",
                                    "offset": 10,
                                    "comment": "Индикация опускания хобота"
                                },
                                "CraneMovement.BoomUp": {
                                    "type": "Int",
                                    "offset": 12,
                                    "comment": "Индикация подъема рукояти"
                                },
                                "CraneMovement.BoomDown": {
                                    "type": "Int",
                                    "offset": 14,
                                    "comment": "Индикация опускания рукояти"
                                },
                                "CraneMovement.WinchUp": {
                                    "type": "Int",
                                    "offset": 16,
                                    "comment": "Индикация подъема лебедки"
                                },
                                "CraneMovement.WinchDown": {
                                    "type": "Int",
                                    "offset": 18,
                                    "comment": "Индикация опускания лебедки"
                                },
                                "CraneMode.MainMode": {
                                    "type": "Int",
                                    "offset": 20,
                                    "comment": "Режим работы крана"
                                },
                                "CraneMode.ActiveWinch": {
                                    "type": "Int",
                                    "offset": 22,
                                    "comment": "Номер выбраной лебедки"
                                },
                                "CraneMode.Winch1Mode": {
                                    "type": "Int",
                                    "offset": 24,
                                    "comment": "Режим работы лебедки 1"
                                },
                                "CraneMode.WaveHeightLevel": {
                                    "type": "Int",
                                    "offset": 26,
                                    "comment": "Режим высоты волны"
                                },
                                "CraneMode.CraneOffshore": {
                                    "type": "Bool",
                                    "offset": 28,
                                    "bit": 0,
                                    "comment": "Индикация выхода стрелы за борт"
                                },
                                "CraneMode.ParkingModeActive": {
                                    "type": "Bool",
                                    "offset": 28,
                                    "bit": 1,
                                    "comment": "Активен парковочный режим"
                                },
                                "CraneMode.MOPS": {
                                    "type": "Int",
                                    "offset": 30,
                                    "fr": {
                                        "act": [
                                            1
                                        ]
                                    },
                                    "comment": "Состояние системы MOPS 0/1"
                                },
                                "CraneMode.AOPS": {
                                    "type": "Int",
                                    "offset": 32,
                                    "fr": {
                                        "act": [
                                            1
                                        ]
                                    },
                                    "comment": "Состояние системы AOPS 0/1"
                                },
                                "CraneMode.AHC": {
                                    "type": "Int",
                                    "offset": 34,
                                    "fr": {
                                        "act": [
                                            1
                                        ]
                                    },
                                    "comment": "Состояние системы AHC 0/1"
                                },
                                "CraneMode.WinchBrake": {
                                    "type": "Int",
                                    "offset": 36,
                                    "comment": "Состояние тормоза лебедки 0/1"
                                },
                                "CraneMode.LoadIndex": {
                                    "type": "Int",
                                    "offset": 38,
                                    "comment": "Индекс нагрузки 0/1"
                                },
                                "ConstantTension.Level": {
                                    "type": "Int",
                                    "offset": 46,
                                    "comment": "Уровень постоянного натяжения"
                                },
                                "ConstantTension.Active": {
                                    "type": "Bool",
                                    "offset": 48,
                                    "bit": 0,
                                    "comment": "Постоянное натяжение вкл."
                                },
                                "Hook.Speed": {
                                    "type": "Real",
                                    "offset": 58,
                                    "comment": "Скорость крюка (м/минуту)"
                                },
                                "Crane.Radius": {
                                    "type": "Real",
                                    "offset": 74,
                                    "comment": "Вылет (метры)"
                                },
                                "Crane.Depth": {
                                    "type": "Real",
                                    "offset": 78,
                                    "comment": "Глубина абсолютная (метры)"
                                },
                                "Crane.DeckDepth": {
                                    "type": "Real",
                                    "offset": 82,
                                    "comment": "Глубина от палубы (метры)"
                                },
                                "Crane.Wind": {
                                    "type": "Real",
                                    "offset": 86,
                                    "comment": "Скорость ветра (м/секунду)"
                                },
                                "Crane.Pitch": {
                                    "type": "Real",
                                    "offset": 90,
                                    "comment": "Дифферент (градусы)"
                                },
                                "Crane.Roll": {
                                    "type": "Real",
                                    "offset": 94,
                                    "comment": "Крен (градусы)"
                                },
                                "Crane.Slewing": {
                                    "type": "Real",
                                    "offset": 98,
                                    "comment": "Угол поворота стрелы (градусы)"
                                },
                                "Crane.BoomAngle": {
                                    "type": "Real",
                                    "offset": 102,
                                    "comment": "Положение рукояти (градусы)"
                                },
                                "Crane.JibAngle": {
                                    "type": "Real",
                                    "offset": 106,
                                    "comment": "Положение хобота (градусы)"
                                },
                                "Winch1.SWL": {
                                    "type": "Real",
                                    "offset": 126,
                                    "comment": "SWL, тонны - Номинальная нагрузка"
                                },
                                "Winch1.Load": {
                                    "type": "Real",
                                    "offset": 130,
                                    "fr": {"nom": "Winch1.SWL0"},
                                    "comment": "Нагрузка, тонны"
                                },
                                "Winch2.SWL": {
                                    "type": "Real",
                                    "offset": 150,
                                    "comment": "SWL, тонны - Номинальная нагрузка"
                                },
                                "Winch2.Load": {
                                    "type": "Real",
                                    "offset": 154,
                                    "fr": {"nom": 50},
                                    "comment": "Нагрузка, тонны"
                                },
                                "Winch3.SWL": {
                                    "type": "Real",
                                    "offset": 162,
                                    "comment": "SWL, тонны - Номинальная нагрузка"
                                },
                                "Winch3.Load": {
                                    "type": "Real",
                                    "offset": 166,
                                    "comment": "Нагрузка, тонны"
                                },
                                "HPU.Pump1.State": {
                                    "type": "Int",
                                    "offset": 170
                                },
                                "HPU.Pump2.State": {
                                    "type": "Int",
                                    "offset": 178
                                },
                                "HPU.EmergencyHPU.State": {
                                    "type": "Int",
                                    "offset": 186
                                },
                                "HPU.OilTemp": {
                                    "type": "Real",
                                    "offset": 194,
                                    "comment": "Температура масла (градусы)"
                                },
                                "Hook.X": {
                                    "type": "Real",
                                    "offset": 50,
                                    "comment": "Положение крюка по X"
                                },
                                "Hook.Y": {
                                    "type": "Real",
                                    "offset": 54,
                                    "comment": "Положение крюка по Y"
                                },
                                "CraneMode.Reserve1": {
                                    "type": "Int",
                                    "offset": 40
                                },
                                "CraneMode.Reserve2": {
                                    "type": "Int",
                                    "offset": 42
                                },
                                "CraneMode.Reserve3": {
                                    "type": "Int",
                                    "offset": 44
                                },
                                "ConstantTension.Reserve1": {
                                    "type": "Bool",
                                    "offset": 48,
                                    "bit": 1
                                },
                                "ConstantTension.Reserve2": {
                                    "type": "Bool",
                                    "offset": 48,
                                    "bit": 2
                                },
                                "ConstantTension.Reserve3": {
                                    "type": "Bool",
                                    "offset": 48,
                                    "bit": 3
                                },
                                "Hook.Reserve1": {
                                    "type": "Real",
                                    "offset": 62
                                },
                                "Hook.Reserve2": {
                                    "type": "Real",
                                    "offset": 66
                                },
                                "Hook.Reserve3": {
                                    "type": "Real",
                                    "offset": 70
                                },
                                "Crane.Reserve1": {
                                    "type": "Real",
                                    "offset": 110
                                },
                                "Crane.Reserve2": {
                                    "type": "Real",
                                    "offset": 114
                                },
                                "Crane.Reserve3": {
                                    "type": "Real",
                                    "offset": 118
                                },
                                "Winch1.Reserve1": {
                                    "type": "Real",
                                    "offset": 134
                                },
                                "Winch1.Reserve2": {
                                    "type": "Real",
                                    "offset": 138
                                },
                                "Winch1.Reserve3": {
                                    "type": "Real",
                                    "offset": 142
                                },
                                "HPU.Pump1.Reserve1": {
                                    "type": "Int",
                                    "offset": 172
                                },
                                "HPU.Pump1.Reserve2": {
                                    "type": "Int",
                                    "offset": 174
                                },
                                "HPU.Pump1.Reserve3": {
                                    "type": "Int",
                                    "offset": 176
                                },
                                "HPU.Pump2.Reserve1": {
                                    "type": "Int",
                                    "offset": 180
                                },
                                "HPU.Pump2.Reserve2": {
                                    "type": "Int",
                                    "offset": 182
                                },
                                "HPU.Pump2.Reserve3": {
                                    "type": "Int",
                                    "offset": 184
                                },
                                "HPU.EmergencyHPU.Reserve1": {
                                    "type": "Int",
                                    "offset": 188
                                },
                                "HPU.EmergencyHPU.Reserve2": {
                                    "type": "Int",
                                    "offset": 190
                                },
                                "HPU.EmergencyHPU.Reserve3": {
                                    "type": "Int",
                                    "offset": 192
                                },
                                "Winch1.SWL0": {
                                    "type": "Real",
                                    "offset": 122,
                                    "comment": "SWL0, тонны - Абсолютная номинальная нагрузка"
                                },
                                "Winch2.SWL0": {
                                    "type": "Real",
                                    "offset": 146,
                                    "comment": "SWL0, тонны - Абсолютная номинальная нагрузка"
                                },
                                "Winch3.SWL0": {
                                    "type": "Real",
                                    "offset": 158,
                                    "comment": "SWL0, тонны - Абсолютная номинальная нагрузка"
                                }
                            }
                        }
                    }
                }
            },
            "line2": {
                "ied2.11": {
                    "description": "S7-IED-01.01",
                    "ip": "192.168.120.243",
                    "rack": 0,
                    "slot": 1,
                    "db": {
                        "db899_drive_data_exhibit": {
                            "description": "db899",
                            "number": 899,
                            "offset": 0,
                            "size": 2,
                            "delay": 10,
                            "data": {
                                "system.db899_drive_data_exhibit.status": {
                                    "type": "Int",
                                    "offset": 0,
                                    "v": 1
                                },
                                "system.db899_drive_data_exhibit.read.errors": {
                                    "type": "Int",
                                    "offset": 0,
                                    "v": 1
                                },
                                "system.db899_drive_data_exhibit.write.errors": {
                                    "type": "Int",
                                    "offset": 0,
                                    "v": 1
                                }
                            }
                        }
                    }
                },
                "ied2.12": {
                    "description": "S7-IED-01.02",
                    "ip": "192.168.120.243",
                    "rack": 0,
                    "slot": 1,
                    "db": {
                        "db902_panel_controls": {
                            "description": "db902",
                            "number": 902,
                            "offset": 0,
                            "size": 2,
                            "delay": 500,
                            "data": {
                                "system.db902_panel_controls.status": {
                                    "type": "Int",
                                    "offset": 0,
                                    "v": 1
                                },
                                "system.db902_panel_controls.read.errors": {
                                    "type": "Int",
                                    "offset": 0,
                                    "v": 1
                                },
                                "system.db902_panel_controls.write.errors": {
                                    "type": "Int",
                                    "offset": 0,
                                    "v": 1
                                }
                            }
                        }
                    }
                }
            }
        }
    }
}